{
  "point_counts": [
    10000,
    50000,
    100000
  ],
  "no_lod_times": [
    0.44317366695031524,
    2.1412710970034823,
    4.2648354769917205
  ],
  "lod_times": [
    0.4384849410271272,
    2.1485187269863673,
    1.2958968720049597
  ],
  "speedups": [
    1.0106930147069701,
    0.996626685217191,
    3.291029995614804
  ],
  "point_reductions": [
    0.0,
    0.0,
    71.54899999999999
  ]
}